oneclickdownload|1clickdownload
1clickdownload|1clickdownload
4share|4shared
4shared|4shared
getfaster|4shared
activshop|activshopper
activshopper|activshopper
adgazele|adgazelle
adgazelle|adgazelle
smabo|adialer
adialer|adialer
dealcabby|adpeak
adpeak|adpeak
adswo|adwo
adwo|adwo
gaobot|agobot
agobot|agobot
airad|airinstaller
airinstaller|airinstaller
airadinstaller|airinstaller
airinstall|airinstaller
rahack|allaple
allaple|allaple
starman|allaple
almanahe|alman
alman|alman
kanav|alyak
alyak|alyak
adfltnet|amonetize
amonetize|amonetize
easydl|amonetize
filesearch|amonetize
imonetize|amonetize
armour|androidarmour
androidarmour|androidarmour
climap|androrat
androrat|androrat
arcparlor|arcadeparlor
arcadeparlor|arcadeparlor
badday|badda
badda|badda
bearshare|bandoo
bandoo|bandoo
ilivid|bandoo
koyotelab|bandoo
musictoolbar|bandoo
searchsuite|bandoo
seasuite|bandoo
torchmedia|bandoo
basebrid|basebridge
basebridge|basebridge
batteryd|batterydoctor
batterydoctor|batterydoctor
fakebattscar|batterydoctor
klezer|beebone
beebone|beebone
selfdel|beebone
kazaa|benjamin
benjamin|benjamin
qukart|berbew
berbew|berbew
padodor|berbew
bertle|bertle
bertlea|bertle
serbg|bgserv
bgserv|bgserv
midgare|bifrose
bifrose|bifrose
egbii|biige
biige|biige
widoman|bmmedia
bmmedia|bmmedia
bobic|bobax
bobax|bobax
boxersms|boxer
boxer|boxer
smsboxer|boxer
browsepulse|browsefox
browsefox|browsefox
dragonbranch|browsefox
expressfind|browsefox
glassbottle|browsefox
greatfind|browsefox
liteweb|browsefox
positivefinds|browsefox
recordpage|browsefox
rollaround|browsefox
salecharger|browsefox
strongsignal|browsefox
swiftbrowse|browsefox
wanderburst|browsefox
yontoo|browsefox
yotoon|browsefox
bundl|bundlore
bundlore|bundlore
installvibe|bundlore
buzb|bzub
bzub|bzub
desktoplightning|cashon
cashon|cashon
dowcen|centim
centim|centim
chinesehacker|chir
chir|chir
runonce|chir
runouce|chir
cinmeng|cinmus
cinmus|cinmus
clemag|cleaman
cleaman|cleaman
clientconnect|conduit
conduit|conduit
cduit|conduit
searchprotect|conduit
kucirc|cosmu
cosmu|cosmu
overdoom|cosmu
dalamodo|cossta
cossta|cossta
putalol|couponmarvel
couponmarvel|couponmarvel
crori|crossrider
crossrider|crossrider
geksone|crytex
crytex|crytex
hublo|crytex
cybota|cycbot
cycbot|cycbot
gbot|cycbot
goolbot|cycbot
cabby|dalexis
dalexis|dalexis
ctblocker|dalexis
elenoocka|dalexis
comet|darkkomet
darkkomet|darkkomet
cometsys|darkkomet
cometsystems|darkkomet
finloski|darkkomet
fynloski|darkkomet
krademok|darkkomet
montiera|delbar
delbar|delbar
cheval|detroie
detroie|detroie
detroi|detroie
detroia|detroie
eydrop|dinwod
dinwod|dinwod
directdown|directdownloader
directdownloader|directdownloader
indirect|directdownloader
zadved|dlhelper
dlhelper|dlhelper
dogbite|dogowar
dogowar|dogowar
dogwar|dogowar
rabidog|dogowar
domainiq|domaiq
domaiq|domaiq
domalq|domaiq
domlq|domaiq
payint|domaiq
tugspay|domaiq
downloadmin|downloadadmin
downloadadmin|downloadadmin
downloadasist|downloadassistant
downloadassist|downloadassistant
downloadassistant|downloadassistant
downloaderguide|downloadguide
downloadguide|downloadguide
drdelux|droiddeluxe
droiddeluxe|droiddeluxe
ddlight|droiddreamlight
droiddreamlight|droiddreamlight
lightdd|droiddreamlight
fokonge|droidkungfu
droidkungfu|droidkungfu
kongfu|droidkungfu
kungfu|droidkungfu
ibashade|drolnux
drolnux|drolnux
dialpass|egroupdial
egroupdial|egroupdial
egroup|egroupdial
exedial|egroupdial
instantaccess|egroupdial
emud|emudbot
emudbot|emudbot
adwareeorezo|eorezo
eorezo|eorezo
getextension|eorezo
tuto4pc|eorezo
eqdrug|equationdrug
equationdrug|equationdrug
equation|equationdrug
xpiro|expiro
expiro|expiro
yourfiledownloader|expressdownloader
expressdownloader|expressdownloader
fakerecovery|fakesysdef
fakesysdef|fakesysdef
prodatect|fakesysdef
systemfix|fakesysdef
tepfer|fareit
fareit|fareit
farex|fearso
fearso|fearso
nofear|fearso
nofer|fearso
fenomen|fenomengame
fenomengame|fenomengame
fenomengamet|fenomengame
condestil|firseria
firseria|firseria
downloadmr|firseria
firser|firseria
firseriainstaller|firseria
fiseria|firseria
morstar|firseria
morstars|firseria
popeler|firseria
rapiddown|firseria
solimba|firseria
sventore|firseria
flyagent|flystudio
flystudio|flystudio
flystud|flystudio
cobbler|focobers
focobers|focobers
cobblerone|focobers
cudos|fosniw
fosniw|fosniw
regie|fosniw
winsoft|fosniw
emerleox|fujacks
fujacks|fujacks
fujack|fujacks
whboy|fujacks
gaba|gabpath
gabpath|gabpath
androm|gamarue
gamarue|gamarue
andromeda|gamarue
bundpil|gamarue
debris|gamarue
dromedan|gamarue
lilu|gamarue
wauchos|gamarue
gamevance|gamevance
arcadeweb|gamevance
epicgames|gamevance
epicplay|gamevance
gamevancecs|gamevance
gvance|gamevance
rivalgame|gamevance
juched|ganelp
ganelp|ganelp
waps|gappusin
gappusin|gappusin
wapsx|gappusin
geimini|geinimi
geinimi|geinimi
geinim|geinimi
kernelpatch|geral
geral|geral
livesoft|getnow
getnow|getnow
livesoftaction|getnow
frogonal|ginmaster
ginmaster|ginmaster
gingermaster|ginmaster
gmaster|ginmaster
ghostbot|gobot
gobot|gobot
gdream|golddream
golddream|golddream
glodream|golddream
gprice|gorillaprice
gorillaprice|gorillaprice
spysheriff|harnig
harnig|harnig
helldoor|hilldoor
hilldoor|hilldoor
hippo|hipposms
hipposms|hipposms
hipsmser|hipposms
hispo|hipposms
banach|hotbar
hotbar|hotbar
clickpotato|hotbar
clkpotato|hotbar
pinball|hotbar
rugo|hotbar
screensaver|hotbar
zango|hotbar
freepds|hotclip
hotclip|hotclip
huigezi|hupigon
hupigon|hupigon
pigeon|hupigon
optimum|ibryte
ibryte|ibryte
optimuminstall|ibryte
optimuminstaller|ibryte
optinstall|ibryte
optiuminstaller|ibryte
ickboy|icekboy
icekboy|icekboy
iceboy|icekboy
installcube|icloader
icloader|icloader
iconos|iconosys
iconosys|iconosys
iconosis|iconosys
inboxtoolbar|inbox
inbox|inbox
dowins|inservice
inservice|inservice
inservc|inservice
braininst|installbrain
installbrain|installbrain
brantall|installbrain
ibrain|installbrain
clickrun|installcore
installcore|installcore
clickrunsoftware|installcore
cryptinno|installcore
installco|installcore
installrex|installerex
installerex|installerex
sneakytrail|installerex
tdownloader|installerex
tsuploader|installerex
webpick|installerex
installq|installiq
installiq|installiq
installmet|installmetrix
installmetrix|installmetrix
instmonetizer|installmonetizer
installmonetizer|installmonetizer
installmon|installmonster
installmonster|installmonster
installmonst|installmonster
installmonstr|installmonster
monstruos|installmonster
tovkater|installmonster
intex|intexdial
intexdial|intexdial
intexus|intexdial
neteyes|ipamor
ipamor|ipamor
mswdm|ipamor
amorba|ipamor
hidrag|jeefo
jeefo|jeefo
jackpos|jinupd
jinupd|jinupd
plosa|karagany
karagany|karagany
xtoober|karagany
kgbkeylogger|kgbspy
kgbspy|kgbspy
elkern|klez
klez|klez
padobot|korgo
korgo|korgo
rkdoor|koutodoor
koutodoor|koutodoor
hyteod|kovter
kovter|kovter
lacon|laconic
laconic|laconic
escape|laroux
laroux|laroux
escop|laroux
manalo|laroux
linkun|linkular
linkular|linkular
powerpack|linkular
legendmir|lmir
lmir|lmir
legmir|lmir
lemir|lmir
biez|loadmoney
loadmoney|loadmoney
gldct|loadmoney
ldmon|loadmoney
loadmoneyent|loadmoney
odyssey|loadmoney
ogimant|loadmoney
plocust|loadmoney
duptwux|lolbot
lolbot|lolbot
duel|loveletter
loveletter|loveletter
mixor|loveletter
xworm|loveletter
tazebama|mabezat
mabezat|mabezat
ratab|mamianune
mamianune|mamianune
midhos|medfos
medfos|medfos
magmedia|mediamagnet
mediamagnet|mediamagnet
mmag|mediamagnet
downloadnsave|megasearch
megasearch|megasearch
fastsave|megasearch
fastsaveapp|megasearch
preloader|megasearch
saveshare|megasearch
morefi|memery
memery|memery
lohmys|midia
midia|midia
marketpay|mmarketpay
mmarketpay|mmarketpay
mmarket|mmarketpay
mmarketp|mmarketpay
fipp|morto
morto|morto
serpip|morto
mspyonline|mspy
mspy|mspy
multibardown|multibar
multibar|multibar
multibardownloader|multibar
mutibar|multibar
ticno|multibar
mplug|multiplug
multiplug|multiplug
licat|murofet
murofet|murofet
funweb|mywebsearch
mywebsearch|mywebsearch
websearch|mywebsearch
mindspark|mywebsearch
nandrob|nandrobox
nandrobox|nandrobox
neshuta|neshta
neshta|neshta
netboxserver|netbox
netbox|netbox
bespal|netins
netins|netins
netweird|netwiredrc
netwiredrc|netwiredrc
weecnaw|netwiredrc
wirenet|netwiredrc
nickispy|nickyspy
nickyspy|nickyspy
nickspy|nickyspy
opencandy|opencandy
optixp|optix
optix|optix
optixpro|optix
bflient|palevo
palevo|palevo
pilleuz|palevo
rimecud|palevo
pate|parite
parite|parite
pinfi|parite
perfectkeylogger|perflogger
perflogger|perflogger
perfkey|perflogger
perfloger|perflogger
petrolan|petrolin
petrolin|petrolin
yoof|picsys
picsys|picsys
fixflo|pioneer
pioneer|pioneer
flofix|pioneer
floxif|pioneer
floxlib|pioneer
apperhand|plankton
plankton|plankton
plangton|plankton
pupil|plemood
plemood|plemood
purplemood|plemood
purple|plemood
gulpix|plugx
plugx|plugx
poisonivy|poison
poison|poison
polipos|polip
polip|polip
screenblaze|prosti
prosti|prosti
acute|pullupdate
pullupdate|pullupdate
clickspring|purityscan
purityscan|purityscan
clspring|purityscan
purity|purityscan
chydo|pykspa
pykspa|pykspa
dwonk|pykspa
pykse|pykspa
qakbot|qbot
qbot|qbot
qqrobber|qqrob
qqrob|qqrob
zsone|raden
raden|raden
protexor|ramnit
ramnit|ramnit
rmnet|ramnit
ranck|ranky
ranky|ranky
dracur|rebhip
rebhip|rebhip
spatet|rebhip
spyrat|rebhip
refogkeylogger|refog
refog|refog
relevant|relevantknowledge
relevantknowledge|relevantknowledge
rknowledge|relevantknowledge
arto|renos
renos|renos
codecpack|renos
codepack|renos
banloader|rimod
rimod|rimod
mutopy|rodecap
rodecap|rodecap
ggsmart|rootsmart
rootsmart|rootsmart
kometa|rukometa
rukometa|rukometa
gnurbulf|rungbu
rungbu|rungbu
overt|sadenav
sadenav|sadenav
overtls|sadenav
sahagent|sahat
sahat|sahat
shopathome|sahat
shopper|sahat
adshopper|sahat
shophome|sahat
safekidzone|sakezon
sakezon|sakezon
kashu|sality
sality|sality
kuku|sality
saldrop|sality
salicode|sality
salitystub|sality
salload|sality
salpack|sality
salrenmetie|sality
stubofsality|sality
sancmed|sanctionedmedia
sanctionedmedia|sanctionedmedia
contrand|sckeylog
sckeylog|sckeylog
controlrandom|sckeylog
sckeylogger|sckeylog
sclog|sckeylog
softcentral|sckeylog
secxplod|securityxploded
securityxploded|securityxploded
secxploded|securityxploded
winsxsbot|sfone
sfone|sfone
ibank|shiz
shiz|shiz
pinny|shiz
shifu|shiz
zybut|shiz
shohdi|shodi
shodi|shodi
caphaw|shylock
shylock|shylock
opclose|sillyfdc
sillyfdc|sillyfdc
cson|simbot
simbot|simbot
rodricter|simda
simda|simda
avalod|sinowal
sinowal|sinowal
sinodo|sinowal
wplug|slugin
slugin|slugin
wplugin|slugin
koceg|socks
socks|socks
mandaph|socks
pace|socks
fakromup|soft32downloader
soft32downloader|soft32downloader
popuppers|soft32downloader
soft32down|soft32downloader
soft32download|soft32downloader
wedownload|soft32downloader
softbase|softobase
softobase|softobase
bxib|softonic
softonic|softonic
softonicdownloader|softonic
driverupd|softpulse
softpulse|softpulse
sambamedia|softpulse
softpules|softpulse
betterinstaller|somoto
somoto|somoto
mazel|somoto
somato|somoto
somotobetterinstaller|somoto
somotoltd|somoto
optimizerpro|speedingupmypc
speedingupmypc|speedingupmypc
spdupmypc|speedingupmypc
superoptimizer|speedingupmypc
superpctools|speedingupmypc
spyeyes|spyeye
spyeye|spyeye
spyweep|spyeye
square|squarenet
squarenet|squarenet
javak|suggestor
suggestor|suggestor
steekt|steek
steek|steek
tophos|stegvob
stegvob|stegvob
mofksys|swisyn
swisyn|swisyn
c2lop|swizzor
swizzor|swizzor
electron|sytro
sytro|sytro
soltern|sytro
systro|sytro
taojin|taojinstar
taojinstar|taojinstar
alureon|tdss
tdss|tdss
olmarik|tdss
tidserv|tdss
tdssrt|tdss
jelbrus|techsnab
techsnab|techsnab
privitize|techsnab
joleee|tedroo
tedroo|tedroo
tedro|tedroo
gael|tenga
tenga|tenga
gaelicum|tenga
licum|tenga
nuwar|tibs
tibs|tibs
peacomm|tibs
tibspk|tibs
zhelatin|tibs
tinbakd|tinba
tinba|tinba
pirrit|tirrip
tirrip|tirrip
pirritsuggestor|tirrip
inffinity|toggle
toggle|toggle
inffinityinternet|toggle
stufik|tufik
tufik|tufik
tufei|tufik
twetty|twetti
twetti|twetti
speedupmypc|uniblue
uniblue|uniblue
bandito|unruy
unruy|unruy
banito|unruy
cycler|unruy
spacer|unruy
cryptodef|upatre
upatre|upatre
daytre|upatre
ipatre|upatre
waski|upatre
yarwi|upatre
gupboot|urelas
urelas|urelas
plite|urelas
ruftar|usteal
usteal|usteal
nextup|verti
verti|verti
lavandos|vidro
vidro|vidro
spakrab|vidro
gavir|viking
viking|viking
looked|viking
philis|viking
multiinstall|vilsel
vilsel|vilsel
ultradownload|vilsel
ultradownloads|vilsel
vils|vilsel
nabucur|virlock
virlock|virlock
polyransom|virlock
virransom|virlock
angel|virut
virut|virut
angryangel|virut
guarder|virut
madanf|virut
madang|virut
madangel|virut
vetor|virut
virtob|virut
vserv|viser
viser|viser
vitallia|vittalia
vittalia|vittalia
changeup|vobfus
vobfus|vobfus
chinky|vobfus
diple|vobfus
meredrop|vobfus
pronny|vobfus
purora|vobfus
vbccrypt|vobfus
vbna|vobfus
vbobfus|vobfus
wbna|vobfus
vflood|vtflooder
vtflooder|vtflooder
vflooder|vtflooder
wanna|wannacry
wannacry|wannacry
wanacryptbttc|wannacry
wanacry|wannacry
wannacrypt|wannacry
wannacryptor|wannacry
ransomwannacry|wannacry
jadtre|wapomi
wapomi|wapomi
loorp|wapomi
mikcer|wapomi
nimnul|wapomi
otwycal|wapomi
pikor|wapomi
pikorms|wapomi
protil|wapomi
qvod|wapomi
simfect|wapomi
vjadtre|wapomi
wali|wapomi
stration|warezov
warezov|warezov
webalt|webalta
webalta|webalta
bulknet|webprefix
webprefix|webprefix
klevate|webprefix
blackice|whiteice
whiteice|whiteice
blic|whiteice
darksnow|whiteice
autokms|winactivator
winactivator|winactivator
kmsauto|winactivator
hackkms|winactivator
statblaster|winfetcher
winfetcher|winfetcher
akan|winwebsec
winwebsec|winwebsec
livesecurity|winwebsec
mbro|winwebsec
systemsecurity|winwebsec
poweliks|wowlik
wowlik|wowlik
powerliks|wowlik
powessere|wowlik
appquanta|wkload
wkload|wkload
valla|xorala
xorala|xorala
valhalla|xorala
extrat|xtrat
xtrat|xtrat
remtasu|xtrat
xtreme|xtrat
zbomber|zombbomber
zombbomber|zombbomber
panda|zbot
zbot|zbot
zbocheman|zbot
zeus|zbot
bjlog|zegost
zegost|zegost
zeno|zenosearch
zenosearch|zenosearch
maxplus|zeroaccess
zaccess|zeroaccess
zeroaccess|zeroaccess
maxplusent|zeroaccess
pmax|zeroaccess
sirefef|zeroaccess
smadow|zeroaccess
zaccess|zeroaccess
zona|zvuzona
zvuzona|zvuzona
onestep|zwangi
zwangi|zwangi
zwunzi|zwangi
trickbot|trickbot
trick|trickbot
trikbot|trickbot
trickybot|trickbot
trickster|trickbot
mansabo|trickbot
wannacry|wannacry
ransomwannacry|wannacry
wannacryptor|wannacry
wanacry|wannacry
wanacryptbttc|wannacry
mywebsearch|mywebsearch
websearch|mywebsearch
zeroaccess|zeroaccess
zaccess|zeroaccess
slimdrivers|slimware
slimware|slimware
ask|APNToolBar
asktoolbar|APNToolBar
asparnet|APNToolBar
APNToolBar|APNToolBar
askpartnernetwork(apn)|APNToolBar
poseidon|PoSeidon
findstr|PoSeidon
findpos|PoSeidon
backoff|PoSeidon
johntheripper|johntheripper
johnripper|johntheripper
johntherippr|johntheripper
johnrip|johntheripper
springtech|spigot
ienewtab|spigot
spigot|spigot
forcerx|rdpforcer
rdpforcer|rdpforcer
icedid|icedid
bokbot|icedid
mimikatz|mimikatz
mikatz|mimikatz
bo2k|backorifice
orifice2k|backorifice
backorifice|backorifice
installrex|installrex
insallerex|installrex
wajam|wajam
adwarewajam|wajam
FileTour|FileTour
FilTourNRV|FileTour
AdwareFileTour|FileTour
somato|somato
Somotoltd|somato
SomotoCRTD|somato
